{
  "pages": [
    {
      "children": [
        {
          "label": "系统管理",
          "url": "/system_manage",
          "schema": {
            "type": "page",
            "title": "欢迎进入系统管理"
          },
          "children": [
            {
              "label": "用户管理",
              "url": "user_manage",
              "schemaApi": {
                "method": "post",
                "url": "/template_data/data",
                "data": {
                  "service": "amis_router.user_manage"
                },
                "adaptor": "return {\n    ...payload,\n    status: payload.success === true? 0 : 1\n}"
              }
            },
            {
              "label": "角色管理",
              "url": "role_manage",
              "schemaApi": {
                "method": "post",
                "url": "/template_data/data",
                "data": {
                  "service": "amis_router.role_manage"
                },
                "adaptor": "return {\n    ...payload,\n    status: payload.success === true? 0 : 1\n}"
              }
            } ,
            {
              "label": "ldap分组管理",
              "url": "ldap_group_manage",
              "schemaApi": {
                "method": "post",
                "url": "/template_data/data",
                "data": {
                  "service": "amis_router.ldap_group_manage"
                },
                "adaptor": "return {\n    ...payload,\n    status: payload.success === true? 0 : 1\n}"
              }
            },
            {
              "label": "系统参数管理",
              "url": "config_manage",
              "schemaApi": {
                "method": "post",
                "url": "/template_data/data",
                "data": {
                  "service": "amis_router.config_manage"
                },
                "adaptor": "return {\n    ...payload,\n    status: payload.success === true? 0 : 1\n}"
              }
            },
            {
              "label": "菜单管理",
              "url": "menu_manage",
              "schemaApi": {
                "method": "post",
                "url": "/template_data/data",
                "data": {
                  "service": "amis_router.menu_manage"
                },
                "adaptor": "return {\n    ...payload,\n    status: payload.success === true? 0 : 1\n}"
              }
            }

          ]
        }
      ]
    }
  ]
}
