{
    "name":"将excel 里面的数据转换数据变量，field 表示转成哪个字段，以前是value,为了和导出统一，改成field",
    "sheets": [
        {
            "key": "page1",
            "name": "第一页",
            "sheet_index": 0,
            "start_row": 2,
            "start_col": 0,
            "fields": [
                {
                    "field": "summary",
                    "name": "标题"
                    
                },
                {
                    "field": "description",
                    "name": "描述"
                },
                {
                    "field": "beans",
                    "name": "云豆"
                },
                {
                    "field": "componentName",
                    "name": "模块"
                },
                {
                    "field": "issueType",
                    "name": "问题类型"
                },
                {
                    "field": "duedate",
                    "name": "到期日"
                },
                {
                    "field": "reporter",
                    "name": "报告人"
                },
                {
                    "field": "assignee",
                    "name": "经办人"
                },
                {
                    "field": "projectKey",
                    "name": "空间"
                    
                },
                {
                    "field": "priority",
                    "name": "优先级"
                },
                {
                    "field": "label",
                    "name": "标签"
                },
                {
                    "field": "hasScript",
                    "name": "是否包含脚本"
                },
                {
                    "field": "fixVersion",
                    "name": "修复版本"
                }
            ],
            "save_field": "issueList"
        }
    ]
}